Age class,Body Size Mean (mm),Body Size Std (mm),Distribution,Sex Ratio,Age Mortality Out %,Age Mortality Out StDev,Age Mortality Back %,Age Mortality Back StDev,Size Mortality Out %,Size Mortality Out StDev,Size Mortality Back %,Size Mortaltiy Back StDev,Migration Out Prob,Migration Back Prob,Straying Prob,Dispersal Prob,Maturation,Fecundity Ind,Fecundity Ind StDev,Fecundity Leslie,Fecundity Leslie StDev,Capture Out Probability,Capture Back Probability
0,31,0,0.5,.50~.50,0,0,0,0,0,0,0,0,0,1,0.2,0.2,0,0,0,0,0,N,N
1,53,5,0.25,.50~.50,0.1,0,0.1,0,0,0,0,0,0,1,0.2,0.2,1,5,0,2.5,0,N,N
2,92,0,0.125,.50~.50,0.1,0,0.1,0,0,0,0,0,0,1,0.2,0.2,1,5,0,10,0,N,N
3,123,10,0.0625,.50~.50,0.1,0,0.1,0,0,0,0,0,0,1,0.2,0.2,1,10,0,11.7,0,N,N
4,147,10,0.03,.50~.50,0.1,0,0.2,0,0,0,0,0,0,1,0.2,0.2,1,10,0,11.743,0,N,N
5,184,10,0.015,.50~.50,1,0,1,0,0,0,0,0,0,1,0.2,0.2,1,10,0,15,0,N,N
