Age class,Body Size Mean (mm),Body Size Std (mm),Distribution,Sex Ratio,Age Mortality Out % - Summer,Age Mortality Out StDev,Age Mortality Back % - Winter,Age Mortality Back StDev,Size Mortality Out %,Size Mortality Out StDev,Size Mortality Back %,Size Mortaltiy Back StDev,FROM Breed TO Birth - Migration Out Prob,FROM Birth TO Breed - Migration Back Prob,Straying Prob,Dispersal Prob,Maturation,Fecundity Ind,Fecundity Ind StDev,Fecundity Leslie,Fecundity Leslie StDev,Capture Out Probability,Capture Back Probability
0,0,0,0.5,.50~.50,0,0,0.5,0,0,0,0,0,1,1,0,0,0,0,0,0,0,N,N
1,0,0,0.25,.50~.50,0,0,0.25,0,0,0,0,0,1,1,0,0,1,2,0,2,0,N,N
2,0,0,0.125,.50~.50,0,0,0.2,0,0,0,0,0,1,1,0,0,1,2,0,2,0,N,N
3,0,0,0.0625,.50~.50,0,0,0.18,0,0,0,0,0,1,1,0,0,1,2,0,2,0,N,N
4,0,0,0.03,.50~.50,0,0,0.16,0,0,0,0,0,1,1,0,0,1,2,0,2,0,N,N
5,0,0,0.015,.50~.50,0,0,0.14,0,0,0,0,0,1,1,0,0,1,2,0,2,0,N,N
