Age class,Body Size Mean (mm),Body Size Std (mm),Distribution,Sex Ratio,Age Mortality Out %,Age Mortality Out StDev,Age Mortality Back %,Age Mortality Back StDev,Size Mortality Out %,Size Mortality Out StDev,Size Mortality Back %,Size Mortaltiy Back StDev,Migration,Straying,Maturation,Fecundity_mu,Fecundity_sigma,Fecundity Leslie,Fecundity Leslie StDev,Capture Out Probability,Capture Back Probability
0,60,3,67,50~50~0,N,N,57.5,0,N,0,0,0,0,0,0,0,0,0,0,N,N
1,110,11,28,50~50~0,N,N,82.5,0,N,0,0,0,0,0,1,20,0,1.497,0,N,N
2,140,17,5,50~50~0,N,N,91.4,0,N,0,0,0,0,0,1,20,0,5.11,0,N,N
3,180,18,0,50~50~0,N,N,97.7,0,N,0,0,0,0,0,1,20,0,11.7,0,N,N
4,200,17,0,50~50~0,N,N,100,0,N,0,0,0,0,0,1,20,0,11.743,0,N,N
