Age class,Body Size Mean (mm),Body Size Std (mm),Distribution,Sex Ratio XX~XY~MYY~FYY,Age Mortality Out %,Age Mortality Out StDev,Age Mortality Back %,Age Mortality Back StDev,Size Mortality Out %,Size Mortality Out StDev,Size Mortality Back %,Size Mortaltiy Back StDev,Migration,Straying,Dispersal Prob,Maturation,Fecundity Ind,Fecundity Ind StDev,Fecundity Leslie,Fecundity Leslie StDev,Capture Out Probability,Capture Back Probability
0,31,0,1,0~0~0~1,0.5,0,0,0,N,0,0.1,0,0~0~0~0,0~0~0~0,0~0~0~0,0,0,0,0,0,N ,0.5~0.5~1~1
1,53,5,1,0~0~0~1,0.5,0,N,0,0.5,0,.5~N~.5~.10,0,0.5~0.5~1~1,0.5~0.5~1~1,0.5~0.5~1~1,0,0,0,0,0,N ,0.5~0.5~1~1
2,92,0,1,0~0~0~1,0.5,0,1,0,0.5,0,0.02,0,0.5~0.5~1~1,0.5~0.5~1~1,0.5~0.5~1~1,0.11~0.1~0.11~0.1,0,0,0,0,N ,0.5~0.5~1~1
3,123,10,1,0~0~0~1,0.5,0,0.5,0,0.5,0,0.2,0,0.5~0.5~1~1,0.5~0.5~1~1,0.5~0.5~1~1,0.18,0,20,100,10,N ,0.5~0.5~1~1
4,147,10,1,0~0~0~1,0.5,0,1,0,0.5,0,N,0,0.5~0.5~1~1,0.5~0.5~1~1,0.5~0.5~1~1,0.82,120,20,200,20,N ,0.5~0.5~1~1
5,184,10,1,0~0~0~1,0.5,0,1,0,0.5,0,0.2,0,0.5~0.5~1~1,0.5~0.5~1~1,0.5~0.5~1~1,0.99,350,20,300,30,N ,0.5~0.5~1~1
