Age class,Body Size Mean (mm),Body Size Std (mm),Distribution,Sex Ratio,Age Mortality Out %,Age Mortality Out StDev,Age Mortality Back %,Age Mortality Back StDev,Size Mortality Out %,Size Mortality Out StDev,Size Mortality Back %,Size Mortaltiy Back StDev,Migration,Straying,Maturation,Fecundity Ind,Fecundity Ind StDev,Fecundity Leslie,Fecundity Leslie StDev,Capture Out Probability,Capture Back Probability
0,60,3,0.57,50~50~0,N,0,N,0,N,0,10~10~0,0,0,0,0,0,0,0,0,N,N
1,110,11,0.17,50~50~0,N,0,N,0,N,0,45~45~0,0,0,0,0,0,0,0,0,N,N
2,140,17,0.11,50~50~0,N,0,N,0,N,0,75~75~0,0,0,0,0,0,0,0,0,N,N
3,180,18,0.065,50~50~0,N,0,N,0,N,0,95~95~0,0,0,0,0,0,0,0,0,N,N
4,200,17,0.04,50~50~0,N,0,N,0,N,0,100~100~0,0,0,0,0,0,0,0,0,N,N
5,230,19,0.023,50~50~0,N,0,N,0,N,0,100~100~0,0,0,0,0,0,0,0,0,N,N
6,240,20,0.014,50~50~0,N,0,N,0,N,0,100~100~0,0,0,0,0,0,0,0,0,N,N
7,250,20,0.008,50~50~0,100,0,N,0,N,0,100~100~0,0,0,0,0,0,0,0,0,N,N
