PatchID,X,Y,SubpatchNO,K,K StDev,N0,Natal Grounds,Migration Grounds,Genes Initialize,Class Vars,MortOut,MortOut StDev,MortBack,MortBack StDev,MortEggs,MortEggs StDev,Migration,Set Migration,Straying,GrowthTemperatureOut,GowthTempOutStDev,GrowDaysOut,GrowDaysOutStDev,GrowthTemperatureBack,GowthTempBackStDev,GrowDaysBack,GrowDaysBackStDev,Capture Probability Out,Capture Probability Back,HabitatOut,HabitatBack,Fitness_AA,Fitness_Aa,Fitness_aa,Fitness_BB,Fitness_Bb,Fitness_bb,Fitness_AABB,Fitness_AaBB,Fitness_aaBB,Fitness_AABb,Fitness_AaBb,Fitness_aaBb,Fitness_AAbb,Fitness_Aabb,Fitness_aabb,comp_coef
1,2542108.078,715830.1769,1,100,0,100,1,1,random,ClassvarsEBT01.csv,N,0,0,0,0,0,1,Y,1,4,1,289,10,10,1,76,5,N,N,1,1,0,0,0,0,0,0,0,0,0,0,0,0,0,0,0,0
2,2541912.078,715242.1769,1,100,0,100,1,1,random,ClassvarsEBT01.csv,N,0,0,0,0,0,1,Y,1,4,1,289,10,10,1,76,5,N,N,1,1,0,0,0,0,0,0,0,0,0,0,0,0,0,0,0,0
3,2542010.078,714752.1769,1,100,0,100,1,1,random,ClassvarsEBT01.csv,N,0,0,0,0,0,1,Y,1,4,1,289,10,10,1,76,5,N,N,1,1,0,0,0,0,0,0,0,0,0,0,0,0,0,0,0,0
4,2542010.078,714066.1769,1,100,0,100,1,1,random,ClassvarsEBT01.csv,N,0,0,0,0,0,1,Y,1,4,1,289,10,10,1,76,5,N,N,1,1,0,0,0,0,0,0,0,0,0,0,0,0,0,0,0,0
5,2542010.078,713674.177,1,100,0,100,1,1,random,ClassvarsEBT01.csv,N,0,0,0,0,0,1,Y,1,4,1,289,10,10,1,76,5,N,N,1,1,0,0,0,0,0,0,0,0,0,0,0,0,0,0,0,0
