PatchID,X,Y,SubpatchNO,K,K StDev,N0,Natal Grounds,Migration Grounds,Genes Initialize,Class Vars,Mortality Out,Mortality Out StDev,Mortality Back,Mortality Back StDev,Mortality Eggs,Mortality Eggs StDev,Migration Out Prob,Set Migration,Migration Back Prob,Straying Prob,Dispersal Prob,GrowthTemperatureOut,GrowthTemperatureOutStDev,GrowDaysOut,GrowDaysOutStDev,GrowthTemperatureBack,GrowthTemperatureBackStDev,GrowDaysBack,GrowDaysBackStDev,Capture Probability Out,Capture Probability Back,HabitatOut,HabitatBack,Fitness_AA,Fitness_Aa,Fitness_aa,Fitness_BB,Fitness_Bb,Fitness_bb,Fitness_AABB,Fitness_AaBB,Fitness_aaBB,Fitness_AABb,Fitness_AaBb,Fitness_aaBb,Fitness_AAbb,Fitness_Aabb,Fitness_aabb,comp_coef,X1,X2,X3
1,2540470.832,712452.2021,1,130,0,65,1,1,random,classvars/ClassVars_AS1.csv,0,0,0,0,0,0,1,Y,1,1,1,8,0.2,150,20,N,0,150,20,N,N,1,1,0,0,0,0,0,0,0,0,0,0,0,0,0,0,0,0.5;0.1,0,-1,1
2,2536859.926,708059.4624,1,255,0,127,0,1,random,classvars/ClassVars_AS1.csv,0,0,0,0,0,0,1,Y,1,1,1,8,0.2,150,20,N,0,150,20,N,N,1,1,0,0,0,0,0,0,0,0,0,0,0,0,0,0,0,0.5;0.1,-1,-1,1
3,2532969.44,705413.5711,2,236,0,100,1,1,random,classvars/ClassVars_AS1.csv,0,0,0,0,0,0,1,Y,1,1,1,8,0.1,150,20,N,0,150,20,N,N,1,1,0,0,0,0,0,0,0,0,0,0,0,0,0,0,0,0.5;0.1,-1,1,1
4,2539041.489,728416.6747,2,100,0,34,0,1,random,classvars/ClassVars_AS1.csv,0,0,0,0,0,0,1,Y,1,1,1,8,1,150,20,N,0,150,20,N,N,1,1,0,0,0,0,0,0,0,0,0,0,0,0,0,0,0,0.5;0.1,-1,1,-1
5,2535011.582,720257.8531,3,143,0,71,1,1,random,classvars/ClassVars_AS1.csv,0,0,0,0,0,0,1,Y,1,1,1,8,0.4,150,20,N,0,150,20,N,N,1,1,0,0,0,0,0,0,0,0,0,0,0,0,0,0,0,0.5;0.1,1,-0.5,1
6,2545325.475,726552.0418,3,119,0,59,0,1,random,classvars/ClassVars_AS1.csv,0,0,0,0,0,0,1,Y,1,1,1,8,0.2,150,20,N,0,150,20,N,N,1,1,0,0,0,0,0,0,0,0,0,0,0,0,0,0,0,0.5;0.1,0,-0.5,1
7,2527429.642,708511.8011,3,158,0,79,1,1,random,classvars/ClassVars_AS1.csv,0,0,0,0,0,0,1,Y,1,1,1,8,0,150,20,N,0,150,20,N,N,1,1,0,0,0,0,0,0,0,0,0,0,0,0,0,0,0,0.5;0.1,-1,-0.5,-1
