PatchID,X,Y,SubpatchNO,K,K StDev,N0,Mating - Breed - Natal Grounds,Non-mating - Birth - Migration Out Grounds,Genes Initialize,Class Vars,Mortality Out,Mortality Out StDev,Mortality Back,Mortality Back StDev,Mortality Eggs,Mortality Eggs StDev,FROM Breed TO Birth - Migration Out Prob,Set Migration Out,FROM Birth TO Breed - Migration Back Prob,Straying Prob,Dispersal Prob,GrowthTemperatureOut,GrowthTemperatureOutStDev,GrowDaysOut,GrowDaysOutStDev,GrowthTemperatureBack,GrowthTemperatureBackStDev,GrowDaysBack,GrowDaysBackStDev,Capture Probability Out,Capture Probability Back,HabitatOut,HabitatBack,Fitness_AA,Fitness_Aa,Fitness_aa,Fitness_BB,Fitness_Bb,Fitness_bb,Fitness_AABB,Fitness_AaBB,Fitness_aaBB,Fitness_AABb,Fitness_AaBb,Fitness_aaBb,Fitness_AAbb,Fitness_Aabb,Fitness_aabb,comp_coef
1,2540470.832,712452.2021,1,200,0,100,1,0,random,classvars/ClassVars_bat.csv,0,0,0,0,0,0,1,N,0,0,0,0,0,0,0,0,0,0,0,N,N,0,0,0,0,0,0,0,0,0,0,0,0,0,0,0,0,0,0.5;0.1
2,2536859.926,708059.4624,1,200,0,100,1,0,random,classvars/ClassVars_bat.csv,0,0,0,0,0,0,1,N,0,0,0,0,0,0,0,0,0,0,0,N,N,0,0,0,0,0,0,0,0,0,0,0,0,0,0,0,0,0,0.5;0.1
3,2532969.44,705413.5711,1,200,0,100,1,0,random,classvars/ClassVars_bat.csv,0,0,0,0,0,0,1,N,0,0,0,0,0,0,0,0,0,0,0,N,N,0,0,0,0,0,0,0,0,0,0,0,0,0,0,0,0,0,0.5;0.1
4,2539041.489,728416.6747,2,200,0,0,0,1,random,classvars/ClassVars_bat.csv,0,0,0,0,0,0,0,N,1,0,0,0,0,0,0,0,0,0,0,N,N,0,0,0,0,0,0,0,0,0,0,0,0,0,0,0,0,0,0.5;0.1
5,2535011.582,720257.8531,2,200,0,0,0,1,random,classvars/ClassVars_bat.csv,0,0,0,0,0,0,0,N,1,0,0,0,0,0,0,0,0,0,0,N,N,0,0,0,0,0,0,0,0,0,0,0,0,0,0,0,0,0,0.5;0.1
6,2545325.475,726552.0418,2,200,0,0,0,1,random,classvars/ClassVars_bat.csv,0,0,0,0,0,0,0,N,1,0,0,0,0,0,0,0,0,0,0,N,N,0,0,0,0,0,0,0,0,0,0,0,0,0,0,0,0,0,0.5;0.1
7,2527429.642,708511.8011,2,200,0,0,0,1,random,classvars/ClassVars_bat.csv,0,0,0,0,0,0,0,N,1,0,0,0,0,0,0,0,0,0,0,N,N,0,0,0,0,0,0,0,0,0,0,0,0,0,0,0,0,0,0.5;0.1
