PatchID,X,Y,SubpatchNO,K,K StDev,N0,Natal Grounds,Migration Grounds,Genes Initialize,Class Vars,Mortality Out %,Mortality Out StDev,Mortality Back,Mortality Back StDev,Mortality Eggs,Mortality Eggs StDev,Migration,Set Migration,Straying,GrowthTemperatureOut,GrowthTemperatureOutStDev,GrowDaysOut,GrowDaysOutStDev,GrowthTemperatureBack,GrowthTemperatureBackStDev,GrowDaysBack,GrowDaysBackStDev,Capture Probability Out,Capture Probability Back,HabitatOut,HabitatBack,Fitness_AA,Fitness_Aa,Fitness_aa,Fitness_BB,Fitness_Bb,Fitness_bb,Fitness_AABB,Fitness_AaBB,Fitness_aaBB,Fitness_AABb,Fitness_AaBb,Fitness_aaBb,Fitness_AAbb,Fitness_Aabb,Fitness_aabb,comp_coef
1,2540470.832,712452.2021,1,130|120|110,0|0|0,150,1,1,random,classvars/ClassVars_AS1.csv,N,0,0,0,0,0,0.5|0.5|0.5,Y,1.0|0.5|0.05,N|N|N,0|0|0,100|65|100,10|20|30,8|8|8,.1|0|.2,265|300|265,0|0|0,N|N|N,N|N|N,1,1,0|0|0,0|0|0,0|0|0,0|0|0,0|0|0,0|0|0,0|0|0,0|0|0,0|0|0,0|0|0,0|0|0,0|0|0,0|0|0,0|0|0,0|0|0,0.5;0.1
2,2536859.926,708059.4624,1,255|235|215,10|0|10,150,1,1,random,classvars/ClassVars_AS1.csv,N,0,0,0,0,0,0.5|0.5|0.5,Y,1.0|0.5|0.05,N|N|N,0|0|0,100|65|100,10|20|30,8|8|8,.2|.3|.4,265|300|265,1|0|2,N|N|N,N|N|N,1,1,0|0|0,0|0|0,0|0|0,0|0|0,0|0|0,0|0|0,0|0|0,0|0|0,0|0|0,0|0|0,0|0|0,0|0|0,0|0|0,0|0|0,0|0|0,0.5;0.1
3,2532969.44,705413.5711,2,236|235|234,10|5|10,150,1,1,random,classvars/ClassVars_AS1.csv,N,0,0,0,0,0,0.5|0.5|0.5,Y,1.0|0.5|0.05,N|N|N,0|0|0,100|65|100,10|20|30,8|8|8,0|0|0,265|300|265,20|30|40,N|N|N,N|N|N,1,1,0|0|0,0|0|0,0|0|0,0|0|0,0|0|0,0|0|0,0|0|0,0|0|0,0|0|0,0|0|0,0|0|0,0|0|0,0|0|0,0|0|0,0|0|0,0.5;0.1
4,2539041.489,728416.6747,2,69|69|69,10|5|10,150,1,1,random,classvars/ClassVars_AS1.csv,N,0,0,0,0,0,0.5|0.5|0.5,Y,1.0|0.5|0.05,N|N|N,0|0|0,100|65|100,10|20|30,8|8|8,1|2|3|,265|300|265,0|0|0,N|N|N,N|N|N,1,1,0|0|0,0|0|0,0|0|0,0|0|0,0|0|0,0|0|0,0|0|0,0|0|0,0|0|0,0|0|0,0|0|0,0|0|0,0|0|0,0|0|0,0|0|0,0.5;0.1
5,2535011.582,720257.8531,3,143|140|137,10|5|10,150,1,1,random,classvars/ClassVars_AS1.csv,N,0,0,0,0,0,0.5|0.5|0.5,Y,1.0|0.5|0.05,N|N|N,0|0|0,100|65|100,10|20|30,8|8|8,.1|0|.2,265|300|265,0|0|0,N|N|N,N|N|N,1,1,0|0|0,0|0|0,0|0|0,0|0|0,0|0|0,0|0|0,0|0|0,0|0|0,0|0|0,0|0|0,0|0|0,0|0|0,0|0|0,0|0|0,0|0|0,0.5;0.1
6,2545325.475,726552.0418,3,119|118|117,10|5|10,150,1,1,random,classvars/ClassVars_AS1.csv,N,0,0,0,0,0,0.5|0.5|0.5,Y,1.0|0.5|0.05,N|N|N,0|0|0,100|65|100,10|20|30,8|8|8,.2|.3|.4,265|300|265,1|0|2,N|N|N,N|N|N,1,1,0|0|0,0|0|0,0|0|0,0|0|0,0|0|0,0|0|0,0|0|0,0|0|0,0|0|0,0|0|0,0|0|0,0|0|0,0|0|0,0|0|0,0|0|0,0.5;0.1
7,2527429.642,708511.8011,3,158|148|138,10|5|10,150,1,1,random,classvars/ClassVars_AS1.csv,N,0,0,0,0,0,0.5|0.5|0.5,Y,1.0|0.5|0.05,N|N|N,0|0|0,100|65|100,10|20|30,8|8|8,0|0|0,265|300|265,20|30|40,N|N|N,N|N|N,1,1,0|0|0,0|0|0,0|0|0,0|0|0,0|0|0,0|0|0,0|0|0,0|0|0,0|0|0,0|0|0,0|0|0,0|0|0,0|0|0,0|0|0,0|0|0,0.5;0.1
