Age class,Body Size Mean (mm),Body Size Std (mm),Distribution,Sex Ratio,Age Mortality Out %,Age Mortality Out StDev,Age Mortality Back %,Age Mortality Back StDev,Size Mortality Out %,Size Mortality Out StDev,Size Mortality Back %,Size Mortaltiy Back StDev,Migration Prob,Straying Prob,Dispersal Prob,Maturation,Fecundity Ind,Fecundity Ind StDev,Fecundity Leslie,Fecundity Leslie StDev,Capture Out Probability,Capture Back Probability
0,31,0,1,.80~.20,N,0,0.4,0,N,0,0,0,1,1,0,0,0,0,0,0,N,N
1,53,5,1,1~0,N,0,0.5,0,N,0,0,0,1,1,1,1,5,0,2.5,0,N,N
2,92,0,1,.60~.40,N,0,0.6,0,N,0,0,0,1,1,1,1,5,0,10,0,N,N
3,123,10,1,.20~.80,N,0,0.7,0,N,0,0,0,1,1,1,1,10,0,11.7,0,N,N
4,147,10,1,.50~.50,N,0,0.8,0,N,0,0,0,1,1,1,1,10,0,11.743,0,N,N
5,184,10,1,0~1~0,N,0,1,0,N,0,0,0,1,1,1,1,10,0,15,0,N,N
