Subpopulation,X,Y,SubpatchNO,K,K StDev,N0,Natal Grounds,Migration Grounds,Genes Initialize,Class Vars,Mortality Out %,Mortality Out StDev,Mortality Back %,Mortality Back StDev,Mortality Eggs,Mortality Eggs StDev,Migration,Set Migration,Straying,GrowthTemperatureOut,GrowthTemperatureOutStDev,GrowDaysOut,GrowDaysOutStDev,GrowthTemperatureBack,GrowthTemperatureBackStDev,GrowDaysBack,GrowDaysBackStDev,Capture Probability Out,Capture Probability Back,HabitatOut,HabitatBack,Fitness_AA,Fitness_Aa,Fitness_aa,Fitness_BB,Fitness_Bb,Fitness_bb,Fitness_AABB,Fitness_AaBB,Fitness_aaBB,Fitness_AABb,Fitness_AaBb,Fitness_aaBb,Fitness_AAbb,Fitness_Aabb,Fitness_aabb,comp_coef
1,643076.2,5459568,N,540,0,135,1,0,Genetic_input/BT_randallele.csv;Genetic_input/BT_randallele_sneak.csv,Classvars_BT_distribution.csv;Classvars_BT_Sneak.csv,0,0,0,0,0,0,1,N,1,6.587,0,289,0,9.588,0,76,0,1,1,1,1,0.01704:-6.04431~0.01704:-6.04431~0.01704:-6.04431,0.01704:-6.04431~0.01704:-6.04431~0.01704:-6.04431,0.01704:-6.04431~0.01704:-6.04431~0.01704:-6.04431,temperature:1134:0.75:12:0.34:-0.2~temperature:1134:0.75:12:0.34:-0.2~temperature:1134:0.75:12:0.34:-0.2,temperature:1134:0.75:12:0.34:-0.2~temperature:1134:0.75:12:0.34:-0.2~temperature:1134:0.75:12:0.34:-0.2,temperature:1134:0.75:12:0.34:-0.2~temperature:1134:0.75:12:0.34:-0.2~temperature:1134:0.75:12:0.34:-0.2,0,0,0,0,0,0,0,0,0,0.5;0.1
2,653385.7,5461523,N,99,0,25,1,0,Genetic_input/BT_randallele.csv;Genetic_input/BT_randallele_sneak.csv,Classvars_BT_distribution.csv;Classvars_BT_Sneak.csv,0,0,0,0,0,0,1,N,1,6.587,0,289,0,9.588,0,76,0,1,1,1,1,0.01704:-6.04431~0.01704:-6.04431~0.01704:-6.04431,0.01704:-6.04431~0.01704:-6.04431~0.01704:-6.04431,0.01704:-6.04431~0.01704:-6.04431~0.01704:-6.04431,temperature:1134:0.75:12:0.34:-0.2~temperature:1134:0.75:12:0.34:-0.2~temperature:1134:0.75:12:0.34:-0.2,temperature:1134:0.75:12:0.34:-0.2~temperature:1134:0.75:12:0.34:-0.2~temperature:1134:0.75:12:0.34:-0.2,temperature:1134:0.75:12:0.34:-0.2~temperature:1134:0.75:12:0.34:-0.2~temperature:1134:0.75:12:0.34:-0.2,0,0,0,0,0,0,0,0,0,0.5;0.1
3,655599.7,5461281,N,89,0,22,1,0,Genetic_input/BT_randallele.csv;Genetic_input/BT_randallele_sneak.csv,Classvars_BT_distribution.csv;Classvars_BT_Sneak.csv,0,0,0,0,0,0,1,N,1,6.587,0,289,0,9.588,0,76,0,1,1,1,1,0.01704:-6.04431~0.01704:-6.04431~0.01704:-6.04431,0.01704:-6.04431~0.01704:-6.04431~0.01704:-6.04431,0.01704:-6.04431~0.01704:-6.04431~0.01704:-6.04431,temperature:1134:0.75:12:0.34:-0.2~temperature:1134:0.75:12:0.34:-0.2~temperature:1134:0.75:12:0.34:-0.2,temperature:1134:0.75:12:0.34:-0.2~temperature:1134:0.75:12:0.34:-0.2~temperature:1134:0.75:12:0.34:-0.2,temperature:1134:0.75:12:0.34:-0.2~temperature:1134:0.75:12:0.34:-0.2~temperature:1134:0.75:12:0.34:-0.2,0,0,0,0,0,0,0,0,0,0.5;0.1
4,625925.8,5460582,N,670,0,168,1,0,Genetic_input/BT_randallele.csv;Genetic_input/BT_randallele_sneak.csv,Classvars_BT_distribution.csv;Classvars_BT_Sneak.csv,0,0,0,0,0,0,1,N,1,6.587,0,289,0,9.588,0,76,0,1,1,1,1,0.01704:-6.04431~0.01704:-6.04431~0.01704:-6.04431,0.01704:-6.04431~0.01704:-6.04431~0.01704:-6.04431,0.01704:-6.04431~0.01704:-6.04431~0.01704:-6.04431,temperature:1134:0.75:12:0.34:-0.2~temperature:1134:0.75:12:0.34:-0.2~temperature:1134:0.75:12:0.34:-0.2,temperature:1134:0.75:12:0.34:-0.2~temperature:1134:0.75:12:0.34:-0.2~temperature:1134:0.75:12:0.34:-0.2,temperature:1134:0.75:12:0.34:-0.2~temperature:1134:0.75:12:0.34:-0.2~temperature:1134:0.75:12:0.34:-0.2,0,0,0,0,0,0,0,0,0,0.5;0.1
5,654202,5460986,N,198,0,50,1,0,Genetic_input/BT_randallele.csv;Genetic_input/BT_randallele_sneak.csv,Classvars_BT_distribution.csv;Classvars_BT_Sneak.csv,0,0,0,0,0,0,1,N,1,6.587,0,289,0,9.588,0,76,0,1,1,1,1,0.01704:-6.04431~0.01704:-6.04431~0.01704:-6.04431,0.01704:-6.04431~0.01704:-6.04431~0.01704:-6.04431,0.01704:-6.04431~0.01704:-6.04431~0.01704:-6.04431,temperature:1134:0.75:12:0.34:-0.2~temperature:1134:0.75:12:0.34:-0.2~temperature:1134:0.75:12:0.34:-0.2,temperature:1134:0.75:12:0.34:-0.2~temperature:1134:0.75:12:0.34:-0.2~temperature:1134:0.75:12:0.34:-0.2,temperature:1134:0.75:12:0.34:-0.2~temperature:1134:0.75:12:0.34:-0.2~temperature:1134:0.75:12:0.34:-0.2,0,0,0,0,0,0,0,0,0,0.5;0.1
6,630243.4,5460009,N,187,0,47,1,0,Genetic_input/BT_randallele.csv;Genetic_input/BT_randallele_sneak.csv,Classvars_BT_distribution.csv;Classvars_BT_Sneak.csv,0,0,0,0,0,0,1,N,1,6.587,0,289,0,9.588,0,76,0,1,1,1,1,0.01704:-6.04431~0.01704:-6.04431~0.01704:-6.04431,0.01704:-6.04431~0.01704:-6.04431~0.01704:-6.04431,0.01704:-6.04431~0.01704:-6.04431~0.01704:-6.04431,temperature:1134:0.75:12:0.34:-0.2~temperature:1134:0.75:12:0.34:-0.2~temperature:1134:0.75:12:0.34:-0.2,temperature:1134:0.75:12:0.34:-0.2~temperature:1134:0.75:12:0.34:-0.2~temperature:1134:0.75:12:0.34:-0.2,temperature:1134:0.75:12:0.34:-0.2~temperature:1134:0.75:12:0.34:-0.2~temperature:1134:0.75:12:0.34:-0.2,0,0,0,0,0,0,0,0,0,0.5;0.1
7,653106.2,5460229,N,203,0,51,1,0,Genetic_input/BT_randallele.csv;Genetic_input/BT_randallele_sneak.csv,Classvars_BT_distribution.csv;Classvars_BT_Sneak.csv,0,0,0,0,0,0,1,N,1,6.587,0,289,0,9.588,0,76,0,1,1,1,1,0.01704:-6.04431~0.01704:-6.04431~0.01704:-6.04431,0.01704:-6.04431~0.01704:-6.04431~0.01704:-6.04431,0.01704:-6.04431~0.01704:-6.04431~0.01704:-6.04431,temperature:1134:0.75:12:0.34:-0.2~temperature:1134:0.75:12:0.34:-0.2~temperature:1134:0.75:12:0.34:-0.2,temperature:1134:0.75:12:0.34:-0.2~temperature:1134:0.75:12:0.34:-0.2~temperature:1134:0.75:12:0.34:-0.2,temperature:1134:0.75:12:0.34:-0.2~temperature:1134:0.75:12:0.34:-0.2~temperature:1134:0.75:12:0.34:-0.2,0,0,0,0,0,0,0,0,0,0.5;0.1
