Age class,Body Size Mean (mm),Body Size Std (mm),Distribution,Sex Ratio,Age Mortality Out %,Age Mortality Out StDev,Age Mortality Back %,Age Mortality Back StDev,Size Mortality Out %,Size Mortality Out StDev,Size Mortality Back %,Size Mortaltiy Back StDev,Migration Prob,Straying Prob,Dispersal Prob,Maturation,Fecundity Ind,Fecundity Ind StDev,Fecundity Leslie,Fecundity Leslie StDev,Capture Out Probability,Capture Back Probability
0,31,0,1,50~50~0,N,0,40,0,N,0,0,0,1,1,0,0,0,0,0,0,N,N
1,53,5,1,50~50~0,N,0,50,0,N,0,0,0,1,1,1,1,5,0,2.5,0,N,N
2,92,0,1,50~50~0,N,0,60,0,N,0,0,0,1,1,1,1,5,0,10,0,N,N
3,123,10,1,50~50~0,N,0,70,0,N,0,0,0,1,1,1,1,10,0,11.7,0,N,N
4,147,10,1,50~50~0,N,0,80,0,N,0,0,0,1,1,1,1,10,0,11.743,0,N,N
5,184,10,1,50~50~0,N,0,100,0,N,0,0,0,1,1,1,1,10,0,15,0,N,N
