Age class,Body Size Mean (mm),Body Size Std (mm),Distribution,Sex Ratio,Age Mortality Out %,Age Mortality Out StDev,Age Mortality Back %,Age Mortality Back StDev,Size Mortality Out %,Size Mortality Out StDev,Size Mortality Back %,Size Mortaltiy Back StDev,Migration Out Prob,Migration Back Prob,Straying Prob,Dispersal Prob,Maturation,Fecundity Ind,Fecundity Ind StDev,Fecundity Leslie,Fecundity Leslie StDev,Capture Out Probability,Capture Back Probability
0,31,0,1,0~0~1,.2~.2~.2,0,0,0,N,0,0.1,0,0,0,0,0,0,0,0,0,0,N~N~0,0.1~0.1~0.1
1,53,5,1,0~0~1,0.5,0,0,0,N,0,0.5,0,1,1,0.5,1,0,0,0,0,0,N~N~0.5,0.2~0.2~0.2
2,92,0,1,0~0~1,0.5,0,1,0,N,0,2,0,1,1,0.5,1,0.11,0,0,0,0,N~N~0.5,0.3~0.3~0.3
3,123,10,1,0~0~1,0.5,0,0.5,0,0.5,0,2,0,1,1,0.5,1,0.18,0,20,0,20,N~N~0.5,0.4~0.4~0.4
4,147,10,1,0~0~1,0.5,0,1,0,0.5,0,0,0,1,1,0.5,1,0.82,120,20,120,20,N~N~0.5,0.5~0.5~0.5
5,184,10,1,0~0~1,0.5,0,1,0,0.5,0,2,0,1,1,0.5,1,0.99,350,20,350,20,N~N~0.5,0.6~0.6~0.6
