xyfilename,mate_cdmat,matemoveno,matemoveparA,matemoveparB,matemoveparC,matemovethresh,migrateout_cdmat,migratemoveOutno,migratemoveOutparA,migratemoveOutparB,migratemoveOutparC,migratemoveOutthresh,migrateback_cdmat,migratemoveBackno,migratemoveBackparA,migratemoveBackparB,migratemoveBackparC,migratemoveBackthresh,stray_cdmat,StrayBackno,StrayBackparA,StrayBackparB,StrayBackparC,StrayBackthresh,disperseLocal_cdmat,disperseLocalno,disperseLocalparA,disperseLocalparB,disperseLocalparC,disperseLocalthresh,HomeAttempt,sex_chromo,sexans,selfans,Freplace,Mreplace,AssortativeMate_Model,AssortativeMate_Factor,mature_default,mature_eqn_slope,mature_eqn_int,offno,offans_InheritClassVars,equalClutchSize,Egg_Freq_Mean,Egg_Freq_StDev,Egg_Mean_ans,Egg_Mean_par1,Egg_Mean_par2,Egg_Mortality,Egg_Mortality_StDev,Egg_FemaleProb,startGenes,loci,alleles,muterate,mutationtype,mtdna,cdevolveans,startSelection,implementSelection,betaFile_selection,plasticgeneans,plasticSignalResponse,plasticBehavioralResponse,startPlasticgene,implementPlasticgene,cdinfect,transmissionprob,growth_option,growth_Loo,growth_R0,growth_temp_max,growth_temp_CV,growth_temp_t0,popmodel,popmodel_par1,correlation_matrix,subpopmort_file,egg_delay,egg_add
patchvars/PatchVars_anadromy.csv,cdmats/Patch7_CdmatrixS1.csv,6,1.346,202.4846,6,6000,cdmats/Patch7_Probmatrix_onewayBarriersXRiverineS1.csv,4,0,0,0,max~max,cdmats/Patch7_Probmatrix_onewayBarriersXRiverineS1.csv,4,0,0,0,max~max,cdmats/Patch7_CdmatrixS1.csv,1,0.01,0.01,0,max,cdmats/Patch7_Probmatrix_Dispersal.csv,9,0.01,0.01,0,max,mortality,2,Y,N,Y,Y,1,1,age3,0.0539,-6.313,2,random,N,1,1,linear,-445,3.78,0.62,0,0.5,0,2,2,0.5|0.25|0,random,N,N,0,Out:Back,N,N,0,0,0,Back:0,N,0,temperature,400,0.47,10.5,0.33,-0.075,anadromy,-0.6821,N,N,0,mating
patchvars/PatchVars.csv,cdmats/Patch7_CdmatrixS1.csv,6,1.346,202.4846,6,6000,cdmats/Patch7_Probmatrix_onewayBarriersXRiverineS1.csv,4,0,0,0,max~max,cdmats/Patch7_Probmatrix_onewayBarriersXRiverineS1.csv,4,0,0,0,max~max,cdmats/Patch7_CdmatrixS1.csv,1,0.01,0.01,0,max,cdmats/Patch7_Probmatrix_Dispersal.csv,9,0.01,0.01,0,max,mortality,2,Y,N,Y,Y,1,1,age6,0.0539,-6.313,2,random,N,1,1,linear,-445,3.78,0.62,0,0.5,0,2,2,0.5|0.25|0,random,N,N,0,Out:Back,N,N,0,0,0,Back:0,N,0,temperature,400,0.47,10.5,0.33,-0.075,packing,-0.6821,N,N,0,mating
patchvars/PatchVars.csv,cdmats/Patch7_CdmatrixS1.csv,4,1.346,202.4846,6,6000,cdmats/Patch7_Probmatrix_onewayBarriersXRiverineS1.csv,9,0,0,0,max~max,cdmats/Patch7_Probmatrix_onewayBarriersXRiverineS1.csv,9,0,0,0,max~max,cdmats/Patch7_CdmatrixS1.csv,4,0.01,0.01,0,max,cdmats/Patch7_CdmatrixS1.csv,2,0.01,0.01,0,max,mortality,2,Y,N,Y,Y,1,1,size300,0.13~0.06,-20.28~-8.09,2,random,N,1,0,exp,126.07,0.0061,0.62,0.18,0.5,0,2,2,0,random,N,N,0,Eggs,N,N,0,0,0,Back,N,1.5,temperature,250,0.57,12,0.25,-0.196,logistic,-0.6821,N,N,0,mating
patchvars/PatchVars.csv,cdmats/Patch7_CdmatrixS1.csv,6,1.346,202.4846,6,6000,cdmats/Patch7_Probmatrix_onewayBarriersXRiverineS1.csv,9,0,0,0,max~max,cdmats/Patch7_Probmatrix_onewayBarriersXRiverineS1.csv,9,0,0,0,max~max,cdmats/Patch7_CdmatrixS1.csv,2,0.01,0.01,0,max,cdmats/Patch7_CdmatrixS1.csv,2,0.01,0.01,0,max,mortality,2,H,0.5,Y,Y,1,1,N,0.13~0.06,-20.28~-8.09,2,random,N,0.5,0.1,exp,126.07,0.0061,0,0,0.5,0,2,2,0,random,N,N,0,Back,N,N,0,0,0,Back,N,1.5,temperature,250,0.57,12,0.25,-0.196,N,-0.6821,N,N,0,mating
