PatchID,X,Y,SubPatchID,K,K StDev,N0,Natal Grounds,Migration Grounds,Genes Initialize,Class Vars,Mortality Out %,Mortality Out StDev,Mortality Back,Mortality Back StDev,Mortality Eggs,Mortality Eggs StDev,Migration,Set Migration,Straying,GrowthTemperatureOut,GrowthTemperatureOutStDev,GrowDaysOut,GrowDaysOutStDev,GrowthTemperatureBack,GrowthTemperatureBackStDev,GrowDaysBack,GrowDaysBackStDev,Capture Probability Out,Capture Probability Back,HabitatOut,HabitatBack,Fitness_AA,Fitness_Aa,Fitness_aa,Fitness_BB,Fitness_Bb,Fitness_bb,Fitness_AABB,Fitness_AaBB,Fitness_aaBB,Fitness_AABb,Fitness_AaBb,Fitness_aaBb,Fitness_AAbb,Fitness_Aabb,Fitness_aabb
1,2540470.832,712452.2021,1,130|230,20,65|10,1,0,genes/allelefrequencyA.csv;genes/allelefrequencyB.csv|genes/allelefrequencyA.csv,classvars/ClassVars_A.csv|classvars/ClassVars_B.csv,0,0,0,0,0,0,1,Y,1,8,0.2,150,20,N,0,150,20,N,1,1,1,0.05,0.01,0,0,0,0,0,100,0,100,0,100,0,100,0
2,2536859.926,708059.4624,1,255|355,10,127|10,0,1,random;genes/allelefrequencyB.csv,classvars/ClassVars_A.csv,0,0,0,0,0,0,1,Y,1,8,0.2,150,20,N,0,150,20,N,1,1,1,0.05,0.01,0,0,0,0,0,100,0,100,0,100,0,100,0
3,2532969.44,705413.5711,2,236|336,30,100|10,1,0,random,classvars/ClassVars_A.csv|classvars/ClassVars_B.csv,0,0,0,0,0,0,1,Y,1,8,0.1,150,20,N,0,150,20,N,1,1,1,0.05,0.01,0,0,0,0,0,100,0,100,0,100,0,100,0
4,2539041.489,728416.6747,2,100|200,5,34|10,0,1,genes/allelefrequencyA.csv;genes/allelefrequencyB.csv|genes/allelefrequencyA.csv,classvars/ClassVars_A.csv|classvars/ClassVars_B.csv,0,0,0,0,0,0,1,Y,1,8,1,150,20,N,0,150,20,N,1,1,1,0.05,0.01,0,0,0,0,0,100,0,100,0,100,0,100,0
5,2535011.582,720257.8531,3,143|243,10,71|10,1,0,genes/allelefrequencyA.csv;genes/allelefrequencyB.csv|random,classvars/ClassVars_A.csv|classvars/ClassVars_B.csv,0,0,0,0,0,0,1,Y,1,8,0.4,150,20,N,0,150,20,N,1,1,1,0.05,0.01,0,0,0,0,0,100,0,100,0,100,0,100,0
6,2545325.475,726552.0418,3,119|219,10,59|10,0,1,genes/allelefrequencyA.csv;genes/allelefrequencyB.csv|random,classvars/ClassVars_A.csv|classvars/ClassVars_B.csv,0,0,0,0,0,0,1,Y,1,8,0.2,150,20,N,0,150,20,N,1,1,1,0.05,0.01,0,0,0,0,0,100,0,100,0,100,0,100,0
7,2527429.642,708511.8011,4,158|258,10,79|10,1,0,genes/allelefrequencyA.csv;genes/allelefrequencyB.csv|random,classvars/ClassVars_A.csv|classvars/ClassVars_B.csv,0,0,0,0,0,0,1,Y,1,8,0,150,0,N,0,150,0,N,1,1,1,0.05,0.01,0,0,0,0,0,100,0,100,0,100,0,100,0
