PatchID,X,Y,SubpatchNO,K,K StDev,N0,Natal Grounds,Migration Grounds,Genes Initialize,Class Vars,Mortality Out %,Mortality Out StDev,Mortality Back,Mortality Back StDev,Mortality Eggs,Mortality Eggs StDev,Migration,Set Migration,Straying,GrowthTemperatureOut,GrowthTemperatureOutStDev,GrowDaysOut,GrowDaysOutStDev,GrowthTemperatureBack,GrowthTemperatureBackStDev,GrowDaysBack,GrowDaysBackStDev,Capture Probability Out,Capture Probability Back,HabitatOut,HabitatBack,Fitness_AA,Fitness_Aa,Fitness_aa,Fitness_BB,Fitness_Bb,Fitness_bb,Fitness_AABB,Fitness_AaBB,Fitness_aaBB,Fitness_AABb,Fitness_AaBb,Fitness_aaBb,Fitness_AAbb,Fitness_Aabb,Fitness_aabb
1,2540470.832,712452.2021,1,100,10,100,1,1,genes/allelefrequency_tut.csv,classvars/ClassVars_tut.csv,0|0,0|0,0|0,0|0,0|0,0|0,1,Y,1,8 | 20,0.2,150,20,N,5 | 7,150,20,N,N,1,1,0|0,0|25,0|100,0,0,0,0,100,0,100,0,100,0,100,0
2,2536859.926,708059.4624,1,100,10,100,0,1,genes/allelefrequency_tut.csv,classvars/ClassVars_tut.csv,0|0,0|0,0|0,0|0,0|0,0|0,1,Y,1,8 | 20,0.2,150,20,N,5 | 7,150,20,N,N,1,1,0|0,0|25,0|100,0,0,0,0,100,0,100,0,100,0,100,0
3,2532969.44,705413.5711,2,100,10,100,1,1,genes/allelefrequency_tut.csv,classvars/ClassVars_tut.csv,0|0,0|0,0|0,0|0,0|0,0|0,1,Y,1,8 | 20,0.1,150,20,N,5 | 7,150,20,N,N,1,1,0|0,0|25,0|100,0,0,0,0,100,0,100,0,100,0,100,0
4,2539041.489,728416.6747,2,100,10,100,0,1,genes/allelefrequency_tut.csv,classvars/ClassVars_tut.csv,0|0,0|0,0|0,0|0,0|0,0|0,1,Y,1,8 | 20,1,150,20,N,5 | 7,150,20,N,N,1,1,0|0,0|25,0|100,0,0,0,0,100,0,100,0,100,0,100,0
5,2535011.582,720257.8531,3,100,10,100,1,1,genes/allelefrequency_tut.csv,classvars/ClassVars_tut.csv,0|0,0|0,0|0,0|0,0|0,0|0,1,Y,1,8 | 20,0.4,150,20,N,5 | 7,150,20,N,N,1,1,0|0,0|25,0|100,0,0,0,0,100,0,100,0,100,0,100,0
6,2545325.475,726552.0418,3,100,10,100,0,1,genes/allelefrequency_tut.csv,classvars/ClassVars_tut.csv,0|0,0|0,0|0,0|0,0|0,0|0,1,Y,1,8 | 20,0.2,150,20,N,5 | 7,150,20,N,N,1,1,0|0,0|25,0|100,0,0,0,0,100,0,100,0,100,0,100,0
7,2527429.642,708511.8011,3,100,10,100,1,1,genes/allelefrequency_tut.csv,classvars/ClassVars_tut.csv,0|0,0|0,0|0,0|0,0|0,0|0,1,Y,1,8 | 20,0,150,0,N,5 | 7,150,0,N,N,1,1,0|0,0|25,0|100,0,0,0,0,100,0,100,0,100,0,100,0
