Age class,Body Size Mean (mm),Body Size Std (mm),Distribution,Sex Ratio,Age Mortality Out %,Age Mortality Out StDev,Age Mortality Back %,Age Mortality Back StDev,Size Mortality Out %,Size Mortality Out StDev,Size Mortality Back %,Size Mortaltiy Back StDev,Migration,Straying,Maturation,Fecundity_mu,Fecundity_sigma,Capture Out Probability,Capture Back Probability
0,31,0,1,50~25~25,5~N~5,0,0,0,N~N~N,0,10~N,0,0,0,0,0,0,N~N~0,0.1~0.1~0.1
1,53,5,1,50~25~25,N~N~N,0,N~N~N,0,50,0,5~N~5,0,1,0.5,0,0,0,N~N~0.5,0.2~0.2~0.2
2,92,0,1,50~25~25,50,0,1,0,5~N~5,0,2,0,1,0.5,0.11~0.1,0,0,N~N~0.5,0.3~0.3~0.3
3,123,10,1,50~25~25,50,0,5~N~5,0,50,0,2,0,1,0.5,0.18~0.43,0,20,N~N~0.5,0.4~0.4~0.4
4,147,10,1,50~25~25,50,0,1,0,50,0,N~N~N,0,1,0.5,0.82~0.84,120,20,N~N~0.5,0.5~0.5~0.5
5,184,10,1,50~25~25,50,0,1,0,50,0,2,0,1,0.5,0.99~0.98,350,20,N~N~0.5,0.6~0.6~0.6
