Age class,Body Size Mean (mm),Body Size Std (mm),Distribution,Percent Female,Age Mortality Out %,Age Mortality Out StDev,Age Mortality Back %,Age Mortality Back StDev,Size Mortality Out %,Size Mortality Out StDev,Size Mortality Back %,Size Mortaltiy Back StDev,Migration,Straying,Male Maturation,Female Maturation,Fecundity_mu,Fecundity_sigma,Capture Out Probability,Capture Back Probability
0,31,0,1,50,0,0,0,0,0,0,0,0,1,1,0,0,0,0,N,N
1,53,5,1,50,0,0,0,0,0,0,0,0,1,1,0.008,0,0,0,N,N
2,92,0,1,50,0,0,0,0,0,0,0,0,1,1,0.1,0.11,0,0,N,N
3,123,10,1,50,0,0,0,0,0,0,0,0,1,1,0.43,0.18,0,20,N,N
4,147,10,1,50,0,0,0,0,0,0,0,0,1,1,0.84,0.82,120,20,N,N
5,184,10,1,50,0,0,0,0,0,0,0,0,1,1,0.98,0.99,350,20,N,N
