Age class,Body Size Mean (mm),Body Size Std (mm),Distribution,Sex Ratio,Age Mortality Out %,Age Mortality Out StDev,Age Mortality Back %,Age Mortality Back StDev,Size Mortality Out %,Size Mortality Out StDev,Size Mortality Back %,Size Mortaltiy Back StDev,Migration,Straying,Maturation,Fecundity_mu,Fecundity_sigma,Capture Out Probability,Capture Back Probability
0,75,5,1,50~50~0,0,0,5,0,10,0,15,0,0,0,0,0,0,0,0
1,137,5,1,50~50~0,0,0,5,0,10,0,15,0,0.075,0.001,0,0,0,0.25,0.25
2,204,5,1,50~50~0,0,0,5,0,10,0,15,0,0.283125,0.001,0,0,0,0.75,0.75
3,273,5,1,50~50~0,0,0,5,0,10,0,15,0,0.403125,0.001,1,200,50,1,1
4,339,5,1,50~50~0,0,0,5,0,10,0,15,0,0.470625,0.001,1,200,50,1,1
5,402,5,1,50~50~0,0,0,5,0,10,0,15,0,0.508125,0.001,1,200,50,1,1
6,460,5,1,50~50~0,0,0,5,0,10,0,15,0,0.54,0.001,1,200,50,1,1
7,514,5,1,50~50~0,50,0,5,0,10,0,15,0,0.571875,0.001,1,200,50,1,1
